[
  {
    "owner": "Unavailable",
    "startFreq": 3400,
    "endFreq": 3430,
    "type": "tdd",
    "nrarfcns": "Unavailable"
  },
  {
    "owner": "Unallocated",
    "startFreq": 3430,
    "endFreq": 3500,
    "type": "tdd",
    "nrarfcns": "Unallocated"
  },
  {
    "owner": "Yettel BG",
    "startFreq": 3500,
    "endFreq": 3600,
    "type": "tdd",
    "nrarfcns": [636576]
  },
  {
    "owner": "A1 BG",
    "startFreq": 3600,
    "endFreq": 3700,
    "type": "tdd",
    "nrarfcns": [643296]
  },
  {
    "owner": "Vivacom",
    "startFreq": 3700,
    "endFreq": 3800,
    "type": "tdd",
    "nrarfcns": [649920]
  }
]
